<?xml version="1.0"?>
<config xmlns:xsi="http://www.w3.org/2001/XMLSchema-instance" xsi:noNamespaceSchemaLocation="urn:magento:framework:ObjectManager/etc/config.xsd">
    <type name="Magento\Cms\Model\Wysiwyg\Images\Storage">
        <arguments>
            <argument name="extensions" xsi:type="array">
                <item name="allowed" xsi:type="array">
                    <item name="webp" xsi:type="string">image/webp</item>
                    
                </item>
                <!-- <item name="image_allowed" xsi:type="array">
                    <item name="webp" xsi:type="string">image/webp</item>
                </item> -->
            </argument>
        </arguments>
    </type>


<preference for="Magento\Cms\Controller\Adminhtml\Wysiwyg\Images\Thumbnail" type="UploadImage\Webp\Controller\Adminhtml\Wysiwyg\Images\Thumbnail" />
<preference for="Magento\Framework\Image\Adapter\Gd2" type="UploadImage\Webp\Image\Adapter\Gd2" />
<preference for="Magento\Framework\Image\Adapter\ImageMagick" type="UploadImage\Webp\Image\Adapter\ImageMagick" />
<preference for="Magento\Cms\Model\Wysiwyg\Images\Storage" type="UploadImage\Webp\Model\Cms\Wysiwyg\Images\Storage" />
<preference for="Magento\Catalog\Controller\Adminhtml\Product\Gallery\Upload" type="UploadImage\Webp\Controller\Adminhtml\Product\Gallery\UploadTest" />


</config>
